{
  "h": [
    0.13455507890883198,
    0.13455507890883198,
    -0.42899632071141497,
    -0.42899632071141497,
    -0.9105552683299994,
    -0.9105552683299994,
    -1.1574982349320777,
    -1.1574982349320777
  ],
  "J": [
    [
      [
        0,
        1
      ],
      0.16938781211687642
    ],
    [
      [
        0,
        2
      ],
      9.888786192442143e-19
    ],
    [
      [
        0,
        3
      ],
      9.888786192442143e-19
    ],
    [
      [
        0,
        4
      ],
      -0.05619394384662355
    ],
    [
      [
        0,
        5
      ],
      -0.05619394384662355
    ],
    [
      [
        0,
        6
      ],
      -0.011083595607792476
    ],
    [
      [
        0,
        7
      ],
      -0.011083595607792476
    ],
    [
      [
        1,
        2
      ],
      9.888786192442143e-19
    ],
    [
      [
        1,
        3
      ],
      9.888786192442143e-19
    ],
    [
      [
        1,
        4
      ],
      -0.05619394384662355
    ],
    [
      [
        1,
        5
      ],
      -0.05619394384662355
    ],
    [
      [
        1,
        6
      ],
      -0.011083595607792476
    ],
    [
      [
        1,
        7
      ],
      -0.011083595607792476
    ],
    [
      [
        2,
        3
      ],
      0.16938781211687642
    ],
    [
      [
        2,
        4
      ],
      -0.011083595607792476
    ],
    [
      [
        2,
        5
      ],
      -0.011083595607792476
    ],
    [
      [
        2,
        6
      ],
      0.05619394384662355
    ],
    [
      [
        2,
        7
      ],
      0.05619394384662355
    ],
    [
      [
        3,
        4
      ],
      -0.011083595607792476
    ],
    [
      [
        3,
        5
      ],
      -0.011083595607792476
    ],
    [
      [
        3,
        6
      ],
      0.05619394384662355
    ],
    [
      [
        3,
        7
      ],
      0.05619394384662355
    ],
    [
      [
        4,
        5
      ],
      0.9999999990000001
    ],
    [
      [
        4,
        6
      ],
      1.927115788029566e-17
    ],
    [
      [
        4,
        7
      ],
      1.927115788029566e-17
    ],
    [
      [
        5,
        6
      ],
      1.927115788029566e-17
    ],
    [
      [
        5,
        7
      ],
      1.927115788029566e-17
    ],
    [
      [
        6,
        7
      ],
      0.999999999
    ]
  ],
  "n": 8
}