energy,prob,count
-62.08319936,0.477,477
-54.7234301,0.058,58
-52.57047812,0.315,315
-44.62571424,0.014,14
-44.32959819,0.006,6
-44.28114957,0.121,121
-40.20716432,0.001,1
-38.19575049,0.003,3
-34.26910518,0.003,3
-28.99079957,0.001,1
-26.44780547,0.001,1
