energy,prob,count
-62.08319936,0.763,763
-54.74947485,0.002,2
-54.7234301,0.062,62
-52.57047812,0.168,168
-44.62571424,0.004,4
-44.28114957,0.001,1
