energy_raw,prob,count
-62.08319936,0.451,451
-54.7234301,0.073,73
-52.57047812,0.32,320
-44.62571424,0.015,15
-44.32959819,0.001,1
-44.28114957,0.127,127
-40.20716432,0.002,2
-38.19575049,0.004,4
-34.26910518,0.002,2
-28.99079957,0.004,4
-26.44780547,0.001,1
