energy_raw,prob,count
-62.08319936,0.761,761
-54.7234301,0.069,69
-52.57047812,0.16,160
-44.62571424,0.008,8
-44.32959819,0.001,1
-40.85781033,0.001,1
