energy,prob,count
-62.08319936,0.478,478
-54.7234301,0.057,57
-52.57047812,0.277,277
-44.62571424,0.02,20
-44.32959819,0.003,3
-44.28114957,0.152,152
-40.20716432,0.001,1
-38.19575049,0.004,4
-34.26910518,0.003,3
-28.99079957,0.002,2
-26.44780547,0.003,3
