energy,prob,count
-62.08319936,0.491,491
-54.7234301,0.051,51
-52.57047812,0.299,299
-44.62571424,0.02,20
-44.32959819,0.004,4
-44.28114957,0.117,117
-40.20716432,0.007,7
-38.19575049,0.004,4
-34.26910518,0.003,3
-28.99079957,0.002,2
-26.44780547,0.001,1
-26.27622382,0.001,1
