energy,prob,count
-62.08319936,0.471,471
-54.7234301,0.053,53
-52.57047812,0.297,297
-44.62571424,0.019,19
-44.32959819,0.005,5
-44.28114957,0.142,142
-40.20716432,0.002,2
-38.19575049,0.004,4
-34.26910518,0.003,3
-28.99079957,0.003,3
-26.44780547,0.001,1
